{
  "metaData": {
    "sizes": [2, 3, 1],
    "learningRate": 0.1,
    "epochs": 10000,
    "trainingName": "AND_TRAINING",
    "errorThreshold": 0.001
  },
  "weights": [
    [
      [5.063776002349864, 5.067712401106461],
      [3.54056465865932, 3.529310269028604],
      [-6.314253438678717, -6.3178460206049225]
    ],
    [[3.144204806073872, 1.749065721704313, -4.908892398625738]]
  ],
  "biases": [
    [-7.602914683013482, -5.31124017757288, 9.477592346693422],
    [-0.15479216925665729]
  ]
}
