{"metaData":{"sizes":[2,3,1],"learningRate":0.1,"epochs":10000,"trainingName":"OR_TRAINING","errorThreshold":0.001},"weights":[[[4.800516994288836,4.833937978826531],[-6.9195593427249165,-6.914844813729691],[6.553911275750438,6.536075303664942]],[[1.7959220171844035,-4.108126044664862,3.3718969986414082]]],"biases":[[-2.1582989301752153,3.2432809497745425,-3.0536398273164713],[-0.35058933973193224]]}