{
  "metaData": {
    "sizes": [2, 3, 1],
    "learningRate": 0.15,
    "epochs": 10000,
    "trainingName": "XOR_TRAINING",
    "errorThreshold": 0.001
  },
  "weights": [
    [
      [-9.756127184967138, -9.75728560127465],
      [-6.569714015706571, -6.569017482114862],
      [6.440456458616534, 6.439677062472775]
    ],
    [[-7.4786511159775815, 4.121524227061945, -4.068917903440467]]
  ],
  "biases": [
    [4.4869936234111645, 10.156754954893122, -9.964383908635426],
    [-0.21392659584960722]
  ]
}
