{"metaData":{"sizes":[2,3,1],"learningRate":0.15,"epochs":10000,"trainingName":"XOR_TRAINING","errorThreshold":0.001},"weights":[[[-6.321262721881825,-6.320486070464879],[-9.822469324693346,-9.827837608887233],[-7.053938690095983,-7.053443297049651]],[[3.3272070008047168,-7.490732809916362,4.374009985390158]]],"biases":[[9.591156636869954,4.512045580356403,10.68766330413605],[-3.7921214669894847]]}