{"metaData":{"sizes":[2,3,1],"learningRate":0.15,"epochs":10000,"trainingName":"XOR_TRAINING","errorThreshold":0.001},"weights":[[[-9.884202445937955,6.36856568171065],[6.988032950181919,-10.09546531238113],[-8.525623448745556,-8.589457460446875]],[[6.501063826790644,6.484300904832793,-4.60016591056976]]],"biases":[[-1.9952827203324968,-2.4529290651964644,2.604630957973059],[-2.984938832234858]]}