{"metaData":{"sizes":[2,3,1],"learningRate":0.15,"epochs":10000,"trainingName":"XOR_TRAINING","errorThreshold":0.001},"weights":[[[-12.411872507755414,-9.054875514820415],[-10.540296180843693,-13.56909307386821],[-8.731811347478033,9.423575987496752]],[[9.442527379014303,-9.555502483128967,-4.175663369337834]]],"biases":[[15.522159107131003,6.221418104046712,6.01962685478003],[-0.669088382858985]]}