{"metaData":{"sizes":[2,3,1],"learningRate":0.15,"epochs":10000,"trainingName":"XOR_TRAINING","errorThreshold":0.001},"weights":[[[-8.862550307616985,-5.710579003731603],[-8.757676672971323,-5.575600991049747],[-10.919989611231655,8.037244710975964]],[[-2.176947690913844,-2.1519681352257667,4.248941040861709]]],"biases":[[2.337120334674368,2.2718676079738493,-4.4699336744379],[-0.007998940932910249]]}