{"metaData":{"sizes":[2,3,1],"learningRate":0.15,"epochs":10000,"trainingName":"XOR_TRAINING","errorThreshold":0.001},"weights":[[[-6.23983289436422,-6.60771433126203],[8.890252758523866,-10.42668516288563],[10.119157167074228,-8.260537406997548]],[[-2.117322961416213,6.7948789958352505,-6.5652077591015825]]],"biases":[[1.9649265489968712,-4.1185615694941475,3.580754182305646],[3.360154498831287]]}